node,in_degree,out_degree,total_degree,in_strength,out_strength,total_strength
TEMP,3,1,4,15.74206653216482,10.524465816876397,26.266532349041217
HR,1,1,2,10.524465816876397,6.411998802184589,16.936464619060985
EDA,0,1,1,0.0,7.449147623487746,7.449147623487746
IBI,0,1,1,0.0,1.8809201064924852,1.8809201064924852
BVP,0,0,0,0.0,0.0,0.0
